"year","country","ted","score","flow_in","flow_out","gdp","edu_index","r3score"
"2009","AT",22.0737561766214,0.02,51,51,40918.1321224314,0.895,0.271441761659491
"2009","BE",22.6367305387651,0.064,447,409,37749.5095365743,0.908,0.4
"2009","BG",21.9858266266886,0,33,30,14181.1546844467,0.782,0
"2009","CH",20.9450288931073,0.208,276,171,53354.0046402285,0.935,0.592499213681474
"2009","CY",19.8205354519693,0,124,60,33884.87890625,0.862,0
"2009","CZ",21.904121905541,0.016,62,62,27761.5091540229,0.865,0.251984209978975
"2009","DE",23.6537282094766,0.272,1770,2112,36815.8440540696,0.923,0.647922360255497
"2009","DK",22.6653295137331,0.052,244,180,40331.4068810678,0.913,0.373251115681725
"2009","EE",21.6516009978396,0,7,8,20477.8524315004,0.846,0
"2009","EL",22.2382687223718,0.016,140,99,30359.1494613318,0.867,0.251984209978975
"2009","ES",24.2720839092515,0.044,1220,1108,32092.3648208603,0.865,0.353034833532606
"2009","FI",21.9071026020651,0.04,285,272,37972.270046867,0.913,0.341995189335339
"2009","FR",23.6169197743403,0.08,1459,1654,34678.0623193739,0.875,0.430886938006377
"2009","HR",17.2648447700222,0,74,61,20149.5095665253,0.812,0
"2009","HU",22.2443813021756,0,62,47,20729.783927124,0.827,0
"2009","IE",20.9840969654799,0.088,250,226,41471.0799783739,0.906,0.444796018113863
"2009","IS",18.587955046435,0,33,24,41864.1882622629,0.898,0
"2009","IT",24.1318407605465,0.068,995,1282,34602.8969588528,0.875,0.408165510191735
"2009","LT",20.2484850604329,0,11,7,18116.7302641547,0.827,0
"2009","LU",21.3838333136674,0,31,0,86875.8537667967,0.893,0
"2009","LV",14.5068069418562,0,5,0,17023.7549183562,0.826,0
"2009","MT",12.3893260596768,0,13,12,26649.6041313751,0.769887017,0
"2009","NL",21.2172404897985,0.164,748,760,44556.9211528341,0.912,0.547370367479843
"2009","NO",22.8115091611142,0.024,240,135,55364.21942385,0.937,0.288449914061482
"2009","PL",23.9419161119618,0.016,1045,1451,19239.9284691729,0.834,0.251984209978975
"2009","PT",22.253377413608,0.004,474,263,26458.9110362123,0.823,0.15874010519682
"2009","RO",22.6457545960612,0,571,350,16631.8581907197,0.806,0
"2009","SE",22.4897135590573,0.088,573,551,40279.4615973941,0.904,0.444796018113863
"2009","SI",21.2094154220732,0.004,15,90,27537.7584612632,0.886,0.15874010519682
"2009","SK",22.1461898884967,0,52,69,23080.5865355505,0.824,0
"2009","UK",25.2487166611121,1.332,3857,4746,35212.420476946,0.906,1.10027541313119
"2010","AT",22.2280990735882,0.028,126,109,42009.4385277438,0.904,0.303658897187566
"2010","BE",22.2660970175909,0.068,725,775,39840.0881958103,0.909,0.408165510191735
"2010","BG",20.3684528444712,0,21,16,14956.4871777211,0.787,0
"2010","CH",21.5157901224618,0.196,956,793,54858.4480758362,0.941,0.58087857335637
"2010","CY",19.5548889015208,0,14,6,33423.5,0.856,0
"2010","CZ",21.3469352617356,0.008,114,70,27881.9679972276,0.87,0.2
"2010","DE",23.4885451188247,0.304,3891,4841,38952.6946021004,0.928,0.672395081359793
"2010","DK",22.6815076579005,0.076,230,180,43003.0545921155,0.917,0.423582358425489
"2010","EE",21.0984771070368,0,4,2,21619.4545478307,0.852,0
"2010","EL",20.312902710517,0.02,309,398,27913.0891911748,0.865,0.271441761659491
"2010","ES",24.2810381873901,0.052,1922,1845,31682.7131000557,0.872,0.373251115681725
"2010","FI",21.8877935431263,0.052,162,139,38956.4722165393,0.916,0.373251115681725
"2010","FR",23.7486856692831,0.184,1647,2127,35902.9031102393,0.879,0.568773395970313
"2010","HR",17.8469183892677,0,59,77,19967.213732615,0.816,0
"2010","HU",21.9148880772395,0.008,67,175,21751.8338392809,0.831,0.2
"2010","IE",20.9069334259897,0.06,350,525,43203.1200753797,0.901,0.391486764116886
"2010","IS",16.4428796013493,0,6,4,39775.2970758147,0.899,0
"2010","IT",24.5498176028041,0.068,647,743,35158.4418435321,0.879,0.408165510191735
"2010","LT",19.8951617123172,0,11,11,20096.7360969805,0.831,0
"2010","LU",21.6329780843171,0,10,2,90361.783087755,0.898,0
"2010","LV",12.704735886459,0,0,4,17706.894512358,0.824,0
"2010","MT",15.7916286494256,0,169,63,28722.7021856242,0.780146508,0
"2010","NL",21.7359930493682,0.144,1567,2711,45043.9042332404,0.917,0.524148278841779
"2010","NO",22.2167077241781,0.04,555,636,57919.6519537143,0.94,0.341995189335339
"2010","PL",24.1203813357879,0.008,620,496,21072.5265773141,0.84,0.2
"2010","PT",22.5059828924342,0.012,775,547,27261.9534524665,0.83,0.228942848510666
"2010","RO",22.631014349409,0,70,76,16976.2590867185,0.805,0
"2010","SE",22.5333945554004,0.08,727,630,42223.9196702844,0.911,0.430886938006377
"2010","SI",20.9002097500742,0,12,12,27826.8723437553,0.889,0
"2010","SK",22.7453068340819,0,32,29,25302.2327160354,0.831,0
"2010","UK",25.1769577091238,1.36,3518,4693,36576.5865398028,0.913,1.10793165135089
"2011","AT",21.7032118932885,0.032,152,129,44452.7327457999,0.906,0.31748021039364
"2011","BE",22.2152899122287,0.064,1028,1057,40942.372710454,0.911,0.4
"2011","BG",20.6592626167871,0,154,244,15747.0853813627,0.791,0
"2011","CH",21.434734379991,0.196,243,188,57987.5020305492,0.941,0.58087857335637
"2011","CY",19.8778907082287,0,32,24,33313.578125,0.859,0
"2011","CZ",21.3676310774218,0.004,266,146,29001.3680365492,0.874,0.15874010519682
"2011","DE",23.4871481396023,0.296,2970,2955,42541.5310884096,0.933,0.666444370329191
"2011","DK",22.5566716977301,0.056,146,208,44403.3848413929,0.929,0.382586236554478
"2011","EE",21.5032421035516,0,65,16,24557.2361475947,0.86,0
"2011","EL",20.269142262632,0.012,245,946,25671.5160853562,0.863,0.228942848510666
"2011","ES",23.9988542855069,0.064,3437,3361,31867.9732396862,0.878,0.4
"2011","FI",22.0415609675599,0.052,234,179,40916.8385790274,0.92,0.373251115681725
"2011","FR",24.7961274106735,0.188,1693,1688,37440.6334729758,0.882,0.572865431598244
"2011","HR",18.1829718073334,0,100,51,21014.7388041606,0.823,0
"2011","HU",22.1679847824731,0,252,276,23038.8080197669,0.827,0
"2011","IE",20.9910612072162,0.052,113,111,45080.1886960425,0.902,0.373251115681725
"2011","IS",18.3642945610065,0,1100,301,40936.867830513,0.907,0
"2011","IT",24.3582134768301,0.068,2512,3746,36598.0149693024,0.883,0.408165510191735
"2011","LT",20.1056038922056,0,32,47,22884.8249519631,0.839,0
"2011","LU",20.8032516577234,0,8,3,94475.0302265024,0.9,0
"2011","LV",13.2469350336999,0,27,78,19248.419400173,0.829,0
"2011","MT",18.0008743141375,0,9,8,28973.2708577894,0.779897941,0
"2011","NL",21.8257423934517,0.136,2829,2944,46599.02103045,0.928,0.514256318131647
"2011","NO",22.3453802113979,0.024,183,112,62076.7406576686,0.942,0.288449914061482
"2011","PL",24.1742021805124,0.008,439,380,22827.6981360926,0.844,0.2
"2011","PT",21.8087934768559,0.012,996,546,26769.5118850004,0.834,0.228942848510666
"2011","RO",23.0730951483494,0,127,152,17896.2758641785,0.805,0
"2011","SE",22.2658758408006,0.08,1365,940,44608.5802614915,0.913,0.430886938006377
"2011","SI",20.8261741567732,0,13,28,28931.383323805,0.89,0
"2011","SK",21.3612169569723,0,42,47,26145.8893829396,0.838,0
"2011","UK",25.0707178707821,1.448,8229,9218,37379.2909657729,0.906,1.13133056516458
"2012","AT",21.5538828166097,0.024,255,191,46457.3457770311,0.908,0.288449914061482
"2012","BE",22.3247946050526,0.068,1574,1077,42290.7620520019,0.913,0.408165510191735
"2012","BG",21.0009431571572,0,50,29,16327.8726078533,0.795,0
"2012","CH",21.3311284898808,0.208,402,386,59933.5986829168,0.944,0.592499213681474
"2012","CY",19.7895452941604,0,40,21,31834.517578125,0.859,0
"2012","CZ",21.3828682500635,0.004,376,220,29254.7312685144,0.875,0.15874010519682
"2012","DE",23.614175945023,0.272,9514,9575,43359.6148271723,0.935,0.647922360255497
"2012","DK",23.0438028371936,0.056,663,540,44803.9682421214,0.932,0.382586236554478
"2012","EE",20.9827813764858,0,14,11,25996.0467779508,0.865,0
"2012","EL",20.3128470897764,0.008,759,1342,24911.119631324,0.865,0.2
"2012","ES",23.7950460310257,0.072,1233,1396,31720.1199986535,0.881,0.416016764610381
"2012","FI",21.8346712261972,0.056,653,325,40873.0953326066,0.92,0.382586236554478
"2012","FR",24.6777583236949,0.196,1711,1648,37679.1189105924,0.885,0.58087857335637
"2012","HR",18.4972107999158,0,37,45,21397.4867786553,0.825,0
"2012","HU",22.6802655162851,0,133,165,23275.2318574574,0.83,0
"2012","IE",20.5758680417243,0.052,284,339,46361.463694173,0.908,0.373251115681725
"2012","IS",17.9998363385366,0,96,25,42004.4476110597,0.915,0
"2012","IT",24.1288143363614,0.068,672,897,36486.2967870302,0.883,0.408165510191735
"2012","LT",19.9606014886659,0,41,27,24703.6858202502,0.841,0
"2012","LU",15.2981677264998,0,24,11,96636.426643956,0.9,0
"2012","LV",13.4843359003596,0,1,6,21290.4595879,0.832,0
"2012","MT",17.0777585663109,0,5,3,30243.8413140141,0.790826168,0
"2012","NL",22.0314315452667,0.148,667,734,47272.1030187972,0.929,0.528957247269421
"2012","NO",22.3450246867665,0.024,161,145,65354.7792483883,0.941,0.288449914061482
"2012","PL",23.9708590808601,0.008,813,763,23745.6977950949,0.841,0.2
"2012","PT",21.1347298621568,0.012,1487,1436,26438.0163019973,0.836,0.228942848510666
"2012","RO",22.826413595321,0,101,109,18869.5689682481,0.803,0
"2012","SE",22.2890181764805,0.08,1484,1082,45432.4319692761,0.913,0.430886938006377
"2012","SI",21.0738508559924,0,14,14,29042.8202729641,0.885,0
"2012","SK",21.7541473242855,0,88,102,26888.3480996682,0.844,0
"2012","UK",25.3931604676441,1.352,6520,7338,38514.0261691783,0.904,1.10575496273577
"2013","AT",21.5969557305872,0.02,457,328,47922.0491207455,0.906,0.271441761659491
"2013","BE",22.6471566254373,0.068,312,308,43671.11959259,0.916,0.408165510191735
"2013","BG",21.4980846008797,0,104,92,16647.0063974042,0.801,0
"2013","CH",21.744989288924,0.268,759,943,62225.087267788,0.946,0.644730572726691
"2013","CY",19.3254735962617,0,58,36,30375.091796875,0.861,0
"2013","CZ",21.7975537076447,0.012,283,234,30818.1081558477,0.882,0.228942848510666
"2013","DE",23.6697732365105,0.276,6029,5991,44993.8927459315,0.934,0.651083007152643
"2013","DK",22.9774510957577,0.076,378,279,46726.8541437832,0.934,0.423582358425489
"2013","EE",20.816280788893,0.008,22,12,27464.5186781161,0.87,0.2
"2013","EL",21.7140480238748,0.008,323,611,25986.6503155014,0.866,0.2
"2013","ES",23.7585812603276,0.068,1235,1538,32434.0032017704,0.882,0.408165510191735
"2013","FI",22.0426187934196,0.06,333,300,41493.1416470359,0.929,0.391486764116886
"2013","FR",23.8376854043232,0.204,2052,2656,39523.8551519345,0.889,0.588676531688334
"2013","HR",19.6789064720269,0,232,482,22081.0977857438,0.829,0
"2013","HU",22.845601467329,0,694,874,24556.7153473909,0.839,0
"2013","IE",20.6231795979901,0.044,731,787,47830.6308878373,0.916,0.353034833532606
"2013","IS",18.5229925792232,0,13,8,44409.6689530904,0.926,0
"2013","IT",24.3180433232609,0.08,787,1137,36314.6971007775,0.882,0.430886938006377
"2013","LT",20.6817927506373,0,49,25,26721.5796712844,0.847,0
"2013","LU",19.0084674088545,0,18,7,100925.011992241,0.9,0
"2013","LV",14.8691972807739,0,6,6,22639.0683375842,0.839,0
"2013","MT",17.111251322314,0,649,360,32295.8473400221,0.789521874,0
"2013","NL",21.8296057754383,0.172,638,690,49241.5178406305,0.93,0.556129776652124
"2013","NO",22.7690453076305,0.036,360,192,66961.2530988205,0.945,0.330192724889463
"2013","PL",24.0642590783896,0.008,568,517,24567.5061660536,0.857,0.2
"2013","PT",21.4253602578483,0.012,1214,1094,27936.0396644563,0.84,0.228942848510666
"2013","RO",22.7135654653816,0,724,715,19781.9257079992,0.808,0
"2013","SE",21.6526839959246,0.08,1973,1822,46312.3923824667,0.933,0.430886938006377
"2013","SI",21.6532861445271,0,33,43,29973.6993541529,0.892,0
"2013","SK",22.2978617686083,0,23,37,27915.4332088556,0.844,0
"2013","UK",25.4210827556399,1.472,7207,7413,40218.7472562217,0.921,1.13754679194063
"2014","AT",21.8698920097629,0.024,218,174,48799.7154676985,0.912,0.288449914061482
"2014","BE",22.4249910950235,0.064,813,807,44929.685593416,0.919,0.4
"2014","BG",21.0563088946773,0,139,103,17616.913178474,0.806,0
"2014","CH",22.3219438960426,0.268,810,617,64103.0104476336,0.942,0.644730572726691
"2014","CY",18.7316427133376,0,19,16,30080.23046875,0.862,0
"2014","CZ",21.9553855059524,0.012,279,190,32502.4753540118,0.887,0.228942848510666
"2014","DE",23.5159677266314,0.268,9877,8281,47011.5510935131,0.936,0.644730572726691
"2014","DK",22.9138558249956,0.076,475,602,47901.4473627066,0.935,0.423582358425489
"2014","EE",21.264323478119,0.004,162,181,28945.4653303277,0.871,0.15874010519682
"2014","EL",21.0660234559374,0.016,1088,1454,26625.0618096799,0.875,0.251984209978975
"2014","ES",23.7608247802071,0.06,7111,10239,33525.7406299089,0.888,0.391486764116886
"2014","FI",22.1970949322821,0.06,1499,2005,41757.4021894413,0.928,0.391486764116886
"2014","FR",23.6692667366891,0.18,10794,12714,40144.0268283679,0.893,0.564621617328617
"2014","HR",21.6435601515532,0,63,62,22325.0765880566,0.836,0
"2014","HU",22.563703493997,0,164,222,25699.7504973846,0.838,0
"2014","IE",20.4540001805316,0.044,576,646,51098.2666828245,0.928,0.353034833532606
"2014","IS",17.1361640920977,0,169,70,45996.9687476901,0.931,0
"2014","IT",24.1650315953088,0.08,3919,5117,36194.873918843,0.882,0.430886938006377
"2014","LT",20.415028073008,0,344,332,28184.4723303858,0.859,0
"2014","LU",16.4269182788106,0,15,8,105296.284588232,0.904,0
"2014","LV",13.3571738052658,0,120,97,23815.8000623115,0.844,0
"2014","MT",18.3107487217523,0,20,6,34344.0217879777,0.790629711,0
"2014","NL",22.2636965801563,0.192,698,804,49233.2153954401,0.932,0.576899828122963
"2014","NO",22.8746960488373,0.028,762,463,65892.6892787813,0.944,0.303658897187566
"2014","PL",23.9386075182012,0.008,1497,1745,25475.5046935928,0.858,0.2
"2014","PT",21.2162025013532,0.012,1211,1059,28742.4403783509,0.846,0.228942848510666
"2014","RO",22.8700331232498,0,933,1046,20657.6732894791,0.812,0
"2014","SE",21.2567942266147,0.08,386,289,47184.6691338182,0.936,0.430886938006377
"2014","SI",21.126522588222,0,453,595,30870.0236667425,0.894,0
"2014","SK",22.3652783676003,0,120,92,28929.526363289,0.847,0
"2014","UK",25.6859195040288,1.476,7393,7299,41580.6024876318,0.925,1.1385762466128
"2015","AT",22.4773284548461,0.024,921,758,49865.9039424185,0.916,0.288449914061482
"2015","BE",22.5401425744303,0.064,1953,1571,46200.904454307,0.922,0.4
"2015","BG",21.3946979104669,0,93,175,18391.9274727456,0.809,0
"2015","CH",21.9764368037435,0.268,2831,1830,66020.2043398841,0.948,0.644730572726691
"2015","CY",18.9894996835205,0,29,22,31815.2734375,0.866,0
"2015","CZ",22.1519455216374,0.012,310,251,33899.2865661657,0.892,0.228942848510666
"2015","DE",24.342019332453,0.272,7999,7502,47609.7810045816,0.938,0.647922360255497
"2015","DK",23.1143252187357,0.076,600,564,49045.3391904109,0.933,0.423582358425489
"2015","EE",20.5892022115064,0.004,42,49,29175.9259267894,0.877,0.15874010519682
"2015","EL",19.7372379215018,0.016,1396,2047,26760.3633030256,0.877,0.251984209978975
"2015","ES",24.0419654636535,0.064,1971,2182,34903.1274779473,0.895,0.4
"2015","FI",21.8335720700363,0.06,220,204,42497.7049785783,0.93,0.391486764116886
"2015","FR",24.2685400257876,0.196,3688,4769,40849.9973780501,0.894,0.58087857335637
"2015","HR",20.0482264549948,0,54,56,23301.2728639377,0.84,0
"2015","HU",23.0010944901595,0,705,678,26806.5952452257,0.841,0
"2015","IE",20.7845530827904,0.044,262,242,69028.7727189836,0.935,0.353034833532606
"2015","IS",18.689345265215,0,90,31,49201.0640964553,0.934,0
"2015","IT",24.4358063337665,0.08,1270,2078,36899.3852092463,0.882,0.430886938006377
"2015","LT",18.4105808471768,0,29,23,28834.4276801135,0.863,0
"2015","LU",17.7941387043864,0,107,70,107859.685999308,0.906,0
"2015","LV",15.1525134736315,0,6,7,24972.7860869932,0.85,0
"2015","MT",19.386046143147,0,8,4,37455.20487447,0.791056647,0
"2015","NL",22.7257663768372,0.192,1519,1717,50288.5913949377,0.935,0.576899828122963
"2015","NO",23.3610494012244,0.028,412,252,60368.9208717485,0.947,0.303658897187566
"2015","PL",24.1074084242516,0.008,1736,1610,26862.052515029,0.863,0.2
"2015","PT",21.4196783760737,0.012,1538,1795,29660.8960672526,0.855,0.228942848510666
"2015","RO",23.1143986641316,0,124,163,21605.8356153117,0.814,0
"2015","SE",22.5695148645982,0.08,570,568,49103.1334338706,0.939,0.430886938006377
"2015","SI",21.5211870757201,0,95,72,31628.247175832,0.894,0
"2015","SK",21.8992724384086,0,35,41,29964.8886109408,0.851,0
"2015","UK",25.9800730944275,1.476,13623,13129,42912.8750936201,0.923,1.1385762466128
"2016","AT",22.0688164943146,0.024,2456,1985,52684.0171130768,0.918,0.288449914061482
"2016","BE",22.7992131287358,0.064,3216,2848,48597.3999826201,0.924,0.4
"2016","BG",21.1857396392034,0,71,53,20074.3553875617,0.81,0
"2016","CH",22.863432945737,0.368,1634,1354,68105.1549836834,0.947,0.716609574203189
"2016","CY",19.5145812864914,0,64,44,35719.15234375,0.873,0
"2016","CZ",22.6933857839402,0.008,1144,1078,36097.7052556977,0.893,0.2
"2016","DE",23.9478369006474,0.252,6224,6533,50579.6839299266,0.941,0.631635959765638
"2016","DK",23.3111592547497,0.044,1083,1123,51976.0057060956,0.935,0.353034833532606
"2016","EE",21.0548335067329,0.004,26,22,31312.7522996878,0.882,0.15874010519682
"2016","EL",19.4459345279916,0.008,1117,1239,27511.8010160972,0.874,0.2
"2016","ES",23.8192703323794,0.064,7135,7248,37286.2134326488,0.899,0.4
"2016","FI",22.1500120310396,0.06,2842,2942,44934.4482077785,0.932,0.391486764116886
"2016","FR",23.7226379188767,0.2,4696,5212,42924.613626021,0.895,0.584803547642573
"2016","HR",21.5967750147378,0,136,125,25210.9829651516,0.841,0
"2016","HU",22.7362670964964,0,548,535,27947.6376911698,0.843,0
"2016","IE",20.7560848201263,0.048,261,252,71498.6010072841,0.943,0.363424118566428
"2016","IS",18.8734661575962,0,226,176,53480.3971946764,0.941,0
"2016","IT",24.4906381404983,0.06,1453,1914,39926.9546628592,0.884,0.391486764116886
"2016","LT",20.6319846781005,0,240,323,30925.1708493589,0.868,0
"2016","LU",18.3989212559906,0,172,80,113365.176082265,0.91,0
"2016","LV",16.5118820941641,0,91,105,26721.7261996962,0.853,0
"2016","MT",18.032371071536,0,60,21,39705.8987211412,0.793273167,0
"2016","NL",22.8132828360285,0.16,804,868,52288.4150841353,0.936,0.542883523318981
"2016","NO",23.1317459525549,0.024,498,429,58939.9126133093,0.95,0.288449914061482
"2016","PL",23.6766656231016,0.008,926,938,28322.1069770901,0.869,0.2
"2016","PT",21.5193836737893,0.016,478,286,31607.7542431733,0.854,0.251984209978975
"2016","RO",22.5026272933781,0,214,172,24271.4700174562,0.82,0
"2016","SE",22.8443299547627,0.08,2815,2129,50430.2528196052,0.939,0.430886938006377
"2016","SI",21.2355517657039,0,15,37,33936.0440637175,0.9,0
"2016","SK",22.4247294070993,0,84,112,29645.7418912454,0.853,0
"2016","UK",25.8172055014875,1.464,14689,14657,44635.2995586517,0.924,1.13548227416909
"2017","AT",22.2912589237933,0.024,715,628,54172.9867888254,0.92,0.288449914061482
"2017","BE",22.519079254567,0.064,2636,2328,50442.2705419624,0.928,0.4
"2017","BG",21.1873081292666,0,59,38,21469.9454411605,0.811,0
"2017","CH",22.5703901352758,0.368,7256,5359,69103.570264696,0.948,0.716609574203189
"2017","CY",18.1237819211821,0,384,279,38287.96875,0.878,0
"2017","CZ",22.4786045059172,0.004,431,262,38824.8879170919,0.896,0.15874010519682
"2017","DE",24.0785391396411,0.22,10502,10191,53071.4555699913,0.943,0.603681073679769
"2017","DK",23.0242850796465,0.044,1056,1021,55356.680780178,0.937,0.353034833532606
"2017","EE",20.9910547317658,0.004,36,24,33821.93290847,0.885,0.15874010519682
"2017","EL",18.287713538231,0.008,260,526,28604.8609402657,0.879,0.2
"2017","ES",23.9385766793753,0.06,2830,2779,39528.9253872668,0.903,0.391486764116886
"2017","FI",22.0413711800026,0.056,956,775,47570.133583848,0.935,0.382586236554478
"2017","FR",23.7164102974873,0.164,4691,4903,44577.0645745394,0.896,0.547370367479843
"2017","HR",21.7549448443434,0,214,281,27154.0846858541,0.845,0
"2017","HU",23.1903399000839,0,429,362,29501.1204204706,0.846,0
"2017","IE",20.5173233510386,0.044,652,444,77749.2019569363,0.947,0.353034833532606
"2017","IS",18.5221590786077,0,71,51,55638.4920591796,0.943,0
"2017","IT",24.3438726196301,0.06,3765,4619,41581.120790548,0.886,0.391486764116886
"2017","LT",21.185064519956,0.004,27,42,33761.871239796,0.873,0.15874010519682
"2017","LU",15.0764103156786,0,101,48,114985.842235989,0.913,0
"2017","LV",14.5931826935939,0,27,46,28673.5633962664,0.859,0
"2017","MT",16.582843117627,0,34,21,43559.3161796569,0.801735896,0
"2017","NL",23.094422140359,0.124,1421,1398,55088.6338006744,0.939,0.498663095223865
"2017","NO",23.0110499589327,0.024,516,384,64050.7561654659,0.954,0.288449914061482
"2017","PL",23.9090952850882,0.008,1355,1166,30064.5034841771,0.873,0.2
"2017","PT",21.4482934795652,0.016,1398,1267,33044.7167387479,0.858,0.251984209978975
"2017","RO",22.7349137442058,0,396,579,27141.9009335846,0.821,0
"2017","SE",22.8826094835922,0.088,1741,1611,51947.9542478244,0.941,0.444796018113863
"2017","SI",21.7242948126294,0,57,52,36507.5530416531,0.907,0
"2017","SK",21.7986960365581,0,81,193,30061.5514717196,0.855,0
"2017","UK",25.5378752835967,1.436,7623,7949,46372.38660351,0.926,1.1281966694287
"2018","AT",22.7646133252742,0.028,2141,1595,56960.0914258929,0.921,0.303658897187566
"2018","BE",22.7435321646563,0.064,1800,1517,52535.23221854,0.93,0.4
"2018","BG",21.2871102914213,0,301,252,23016.090640831,0.814,0
"2018","CH",22.6395956833172,0.368,2165,1722,71660.2068398902,0.954,0.716609574203189
"2018","CY",18.1226084186226,0,129,152,40559.125,0.885,0
"2018","CZ",23.063513983567,0.008,4160,4114,41135.4929835656,0.898,0.2
"2018","DE",24.1827272986322,0.22,10029,10945,55235.366304833,0.946,0.603681073679769
"2018","DK",23.2830568773443,0.044,1121,1436,57482.9623999067,0.938,0.353034833532606
"2018","EE",20.7491192681505,0.004,1293,986,36249.3581462876,0.89,0.15874010519682
"2018","EL",19.1051744791699,0.004,998,990,29617.5483399732,0.88,0.15874010519682
"2018","ES",24.1928861626911,0.06,29515,29455,40696.3876815487,0.906,0.391486764116886
"2018","FI",22.0357920140627,0.036,1264,796,49580.6051952837,0.936,0.330192724889463
"2018","FR",24.1728957596715,0.152,3535,4404,46576.6018489382,0.898,0.533680329744389
"2018","HR",21.8837673834353,0,95,81,28877.2382842567,0.848,0
"2018","HU",22.8323353731912,0,1076,677,31913.0746552476,0.85,0
"2018","IE",20.6981612411423,0.044,962,723,84555.6348017403,0.95,0.353034833532606
"2018","IS",19.6364464823663,0,47,36,57211.3003077603,0.946,0
"2018","IT",24.5374595969276,0.076,7115,8863,43036.2437770367,0.89,0.423582358425489
"2018","LT",16.7723863614452,0.004,273,271,36376.1898152469,0.877,0.15874010519682
"2018","LU",16.1992123102334,0,136,93,116965.586110774,0.913,0
"2018","LV",14.6369831331793,0,222,221,30877.0419264807,0.864,0
"2018","MT",20.9726383769603,0,11,13,45568.7232072745,0.808144126,0
"2018","NL",23.2525022340684,0.124,3119,3088,57826.6284976675,0.941,0.498663095223865
"2018","NO",23.2546033063376,0.024,2506,1698,69808.3294106839,0.955,0.288449914061482
"2018","PL",24.1888477945641,0.008,2133,1833,31953.0350337072,0.876,0.2
"2018","PT",21.7328875536773,0.016,694,627,34928.5435337746,0.86,0.251984209978975
"2018","RO",22.9826416426478,0,235,191,29342.0411489328,0.824,0
"2018","SE",23.3148915568401,0.076,4036,2853,53521.6306428288,0.943,0.423582358425489
"2018","SI",21.6510446346224,0,436,605,38961.5443523867,0.912,0
"2018","SK",22.0089499625248,0,105,135,31214.5925736482,0.858,0
"2018","UK",25.8771658783588,1.344,14442,14492,47573.4880155177,0.929,1.10356967055245
"2019","AT",22.9999918606986,0.028,1740,1608,58076.348801448,0.921,0.303658897187566
"2019","BE",22.7081117753593,0.064,3145,3013,54278.3894505636,0.932,0.4
"2019","BG",21.4376939990374,0,522,428,24497.6272661983,0.816,0
"2019","CH",23.5111970363667,0.296,2554,2268,72033.9294404588,0.956,0.666444370329191
"2019","CY",18.8587443112844,0,220,124,42338.87890625,0.887,0
"2019","CZ",22.8572212947393,0.004,983,747,42847.0047376207,0.9,0.15874010519682
"2019","DE",31.8943338160733,0.208,14758,14665,55652.8874913932,0.948,0.592499213681474
"2019","DK",23.4477721654131,0.044,975,922,58700.9746656312,0.94,0.353034833532606
"2019","EE",21.492291875627,0.004,196,174,37851.3007726135,0.892,0.15874010519682
"2019","EL",19.4447336083111,0.004,822,980,30356.2663953863,0.889,0.15874010519682
"2019","ES",24.6210661824198,0.072,4474,3989,41695.1469476327,0.904,0.416016764610381
"2019","FI",22.6633956580426,0.036,1189,901,50321.5396907229,0.938,0.330192724889463
"2019","FR",25.1519614522877,0.152,3548,3836,49072.3638300842,0.901,0.533680329744389
"2019","HR",21.9321980868305,0,161,224,30543.9337537029,0.85,0
"2019","HU",24.1156698424347,0.004,308,262,33514.9417935891,0.855,0.15874010519682
"2019","IE",20.8291880153755,0.028,744,707,87379.6929656668,0.956,0.303658897187566
"2019","IS",20.5446104509241,0,32,23,58290.0968315122,0.949,0
"2019","IT",24.6793077207112,0.072,23060,21108,44376.1625028912,0.892,0.416016764610381
"2019","LT",14.9379202485587,0.004,61,42,38540.7814542339,0.882,0.15874010519682
"2019","LU",15.9465641607723,0,595,312,117341.915064354,0.917,0
"2019","LV",15.0926717059869,0,409,360,31883.2591148032,0.866,0
"2019","MT",21.4338326188414,0,30,31,47407.8807867595,0.827904202,0
"2019","NL",27.7350226043696,0.136,1603,1626,59004.3249664016,0.944,0.514256318131647
"2019","NO",23.3717739937707,0.024,3405,1745,66799.1647159421,0.957,0.288449914061482
"2019","PL",24.2417430799168,0.008,3362,3099,33797.7673600747,0.881,0.2
"2019","PT",21.8923956641661,0.016,439,342,36172.0725393171,0.864,0.251984209978975
"2019","RO",23.9396230959125,0,220,312,31867.2631876811,0.828,0
"2019","SE",23.712118882028,0.064,13722,12559,54598.7803541484,0.945,0.4
"2019","SI",21.7388294715768,0,183,102,40670.8778673103,0.917,0
"2019","SK",21.9677631604924,0,84,73,31966.5548434084,0.86,0
"2019","UK",30.7686122348725,1.416,16541,17276,49041.4635475451,0.932,1.1229344816003
"2020","AT",23.5550276805035,0.028,938,762,55685.9702933361,0.925968142125103,0.303658897187566
"2020","BE",22.8999715152947,0.06,4987,4960,53070.2148197652,0.934900362059728,0.391486764116886
"2020","BG",22.7081777710629,0,155,147,24564.4376812432,0.823840357693823,0
"2020","CH",23.3653078401046,0.356,2513,2063,82102.38483,0.956804208477966,0.708734106150075
"2020","CY",20.4115102392455,0,360,329,39593.42578125,0.887765073871851,0
"2020","CZ",23.0757500060131,0.012,1072,901,41608.0253519702,0.905277670692408,0.228942848510666
"2020","DE",31.3210361031904,0.208,14413,14243,54844.5459733622,0.949785435993905,0.592499213681474
"2020","DK",23.6090573117275,0.044,8929,7503,60229.9147703017,0.942790840340602,0.353034833532606
"2020","EE",21.2583994431255,0.004,323,231,37645.2213607112,0.899717929599235,0.15874010519682
"2020","EL",18.9778591267229,0.004,1033,1008,27948.6497284227,0.88856554169046,0.15874010519682
"2020","ES",24.7859971965502,0.068,2130,2236,37756.3509997639,0.916657735425183,0.408165510191735
"2020","FI",21.2386132779157,0.04,2690,2050,50937.1607539726,0.942866137870655,0.341995189335339
"2020","FR",25.2476619861745,0.136,4777,5053,46991.1820282957,0.903674825818524,0.514256318131647
"2020","HR",22.1221697068308,0,437,471,28780.316739861,0.854203568709384,0
"2020","HU",23.1233022348922,0,2982,3062,33274.3476562091,0.855905546711502,0
"2020","IE",20.5266905534418,0.028,903,772,93350.0875336544,0.96567095012317,0.303658897187566
"2020","IS",19.0375649309363,0,15,20,53616.6847084842,0.955603720455221,0
"2020","IT",24.6507549292771,0.072,4235,4039,41987.8159630472,0.888954381921893,0.416016764610381
"2020","LT",14.7859353335112,0.004,175,165,38880.5452693822,0.890103112781321,0.15874010519682
"2020","LU",15.5813011529883,0,819,504,117846.13649183,0.917451036111946,0
"2020","LV",14.843406259376,0,11,13,31424.9022103534,0.874327319739721,0
"2020","MT",22.5116137309123,0,20,14,43243.1726484364,0.824691594,0
"2020","NL",23.4997897211768,0.144,2417,2118,59266.9085805339,0.948729755766629,0.524148278841779
"2020","NO",23.3730670105767,0.024,782,584,70776.85647,0.957539477693606,0.288449914061482
"2020","PL",24.2393214164341,0.008,5229,3604,34286.9850845384,0.887161369150255,0.2
"2020","PT",22.2638453725723,0.016,2138,2507,34177.085710564,0.871538842473889,0.251984209978975
"2020","RO",24.4449682859115,0,2683,3746,32202.2086556273,0.82824171807373,0
"2020","SE",23.8342977836671,0.076,2001,1655,55064.8850101551,0.955438987003091,0.423582358425489
"2020","SI",21.8612210135606,0,582,473,39725.259194249,0.912841012028846,0
"2020","SK",22.0757016540977,0,1094,871,31356.458282425,0.864213166051515,0
"2020","UK",28.4199537799673,1.424,36948,38074,46526.9118652819,0.934576729338449,1.12504526566837
